Community_0,Community_1,Community_2,Community_3,Community_4,Community_5,Community_6
BHLHE40,ATF3,BATF,KLF4,PAX5,ETV4,MAZ
MAFK,CREB5,IKZF1,FOS,MIXL1,,
RXRA,HNF1B,CREM,FOSB,POU2AF1,,
EBF1,SOX9,ELF1,CEBPB,BACH2,,
ZFHX3,BHLHE41,ELF4,CEBPA,,,
NR2F2,NFE2L3,PRDM1,RUNX1,,,
TCF4,ID4,BCL11B,MAFB,,,
PRRX1,HOXA10,RAD21,SPIB,,,
HIC1,EGR1,E2F8,MEF2A,,,
KLF9,HOXC10,FOXM1,ACAA1,,,
NFATC4,HOXA9,IRF2,ETV5,,,
HEYL,HOXA4,ID2,IRF5,,,
SOX5,EMX2,NFKB1,YBX1,,,
RARB,PAX2,EOMES,CEBPD,,,
NR2F1,HOXA3,TBX21,IRF8,,,
MEF2C,ELF3,SP140,HIF1A,,,
EBF2,KLF10,RORA,JUNB,,,
TBX3,MESP1,GATA3,TCF7L2,,,
EBF3,CREB3L3,ETS1,ETV6,,,
ERG,HNF4A,CTCF,RB1,,,
FOXF1,NR1H4,KLF12,JDP2,,,
ELK3,MXI1,RUNX3,KLF16,,,
FLI1,NFIX,MYBL1,MAF,,,
NFIB,E2F5,BRCA1,POU2F2,,,
LMO2,EHF,E2F1,HMGA1,,,
HLX,ILF2,IKZF2,USF2,,,
HMBOX1,JUN,IKZF3,NR4A3,,,
TCF7L1,POU3F3,IRF4,REL,,,
ZEB1,,STAT4,SPI1,,,
SOX17,,RUNX2,MITF,,,
HOXD8,,,,,,
SOX7,,,,,,
ETS2,,,,,,
HDAC2,,,,,,
NFAT5,,,,,,
TEAD4,,,,,,
FOXO1,,,,,,
YY1,,,,,,
TCF12,,,,,,
ZBTB17,,,,,,
HOXD9,,,,,,
SMAD2,,,,,,
CEBPG,,,,,,
SIN3A,,,,,,
SMAD6,,,,,,
HMGXB3,,,,,,
MGA,,,,,,
E2F4,,,,,,
ZBTB33,,,,,,
FOXC1,,,,,,
SMAD9,,,,,,
PDLIM5,,,,,,
TEAD1,,,,,,
FOXP1,,,,,,
GATA2,,,,,,
NR3C1,,,,,,
HES1,,,,,,
HOXB7,,,,,,
TAF6,,,,,,
NFIA,,,,,,
SOX4,,,,,,
AR,,,,,,
NFIC,,,,,,
PBX1,,,,,,
SOX13,,,,,,
TAL1,,,,,,
ZBTB20,,,,,,
FEV,,,,,,
